timestamp,num_registered_users,num_active_users,num_pageviewes,num_topics,num_posts,num_likes,num_reads
2017-03-05T00:00:00Z,0,0,78,10,13,13,271
2017-03-06T00:00:00Z,0,0,37,0,0,0,0
2017-03-09T00:00:00Z,0,0,1,0,0,0,0
2017-03-10T00:00:00Z,0,0,6,0,0,0,0
2017-03-11T00:00:00Z,0,0,330,1,1,1,211
2017-03-12T00:00:00Z,0,0,58,0,0,0,0
2017-03-13T00:00:00Z,0,0,903,0,0,0,0
2017-03-14T00:00:00Z,0,0,289,0,0,0,0
2017-03-15T00:00:00Z,0,0,86,1,2,2,124
2017-03-16T00:00:00Z,0,0,41,0,0,0,0
2017-03-17T00:00:00Z,0,0,124,0,0,0,0
2017-03-18T00:00:00Z,0,0,10,0,0,0,0
2017-03-19T00:00:00Z,0,0,2,0,0,0,0
2017-03-21T00:00:00Z,0,0,10,0,0,0,0
2017-03-22T00:00:00Z,0,0,69,1,1,1,93
2017-03-23T00:00:00Z,0,0,391,2,5,11,1096
2017-03-24T00:00:00Z,2,0,4140,4,8,12,1031
2017-03-25T00:00:00Z,0,0,1679,3,19,36,1704
2017-03-26T00:00:00Z,0,0,925,1,8,8,438
2017-03-27T00:00:00Z,0,0,1827,3,22,32,1672
2017-03-28T00:00:00Z,0,0,783,1,6,8,492
2017-03-29T00:00:00Z,1,0,1132,2,8,10,536
2017-03-30T00:00:00Z,0,0,735,2,10,11,640
2017-03-31T00:00:00Z,1,0,454,0,4,5,77
2017-04-01T00:00:00Z,0,0,179,0,0,0,0
2017-04-02T00:00:00Z,0,0,126,0,0,0,0
2017-04-03T00:00:00Z,0,0,437,0,2,2,74
2017-04-04T00:00:00Z,0,0,607,2,11,13,583
2017-04-05T00:00:00Z,0,0,507,0,6,8,351
2017-04-06T00:00:00Z,0,0,328,0,0,0,0
2017-04-07T00:00:00Z,0,0,289,0,1,2,63
2017-04-08T00:00:00Z,0,0,136,0,0,0,0
2017-04-09T00:00:00Z,0,0,83,0,0,0,0
2017-04-10T00:00:00Z,0,0,314,0,0,0,0
2017-04-11T00:00:00Z,0,0,302,1,2,2,62
2017-04-12T00:00:00Z,0,0,311,0,3,3,118
2017-04-13T00:00:00Z,0,0,165,0,2,2,107
2017-04-14T00:00:00Z,0,0,189,1,1,1,59
2017-04-15T00:00:00Z,0,0,44,0,0,0,0
2017-04-16T00:00:00Z,0,0,154,1,3,3,245
2017-04-17T00:00:00Z,0,0,68,0,0,0,0
2017-04-18T00:00:00Z,0,0,215,0,0,0,0
2017-04-19T00:00:00Z,0,0,232,0,1,1,50
2017-04-20T00:00:00Z,0,0,294,1,7,7,326
2017-04-21T00:00:00Z,0,0,219,0,4,4,121
2017-04-22T00:00:00Z,0,0,53,0,0,0,0
2017-04-23T00:00:00Z,0,0,67,0,2,2,102
2017-04-24T00:00:00Z,0,0,87,0,4,4,235
2017-04-25T00:00:00Z,0,0,113,0,0,0,0
2017-04-26T00:00:00Z,0,0,297,1,4,4,231
2017-04-27T00:00:00Z,1,0,306,2,5,8,291
2017-04-28T00:00:00Z,0,0,301,1,2,2,209
2017-04-29T00:00:00Z,0,0,121,1,3,3,179
2017-04-30T00:00:00Z,0,0,66,0,4,4,189
2017-05-01T00:00:00Z,0,0,71,0,1,1,29
2017-05-02T00:00:00Z,0,0,272,2,6,7,416
2017-05-03T00:00:00Z,0,0,236,0,10,10,735
2017-05-04T00:00:00Z,0,0,558,1,24,24,1023
2017-05-05T00:00:00Z,0,0,336,1,7,7,310
2017-05-06T00:00:00Z,0,0,95,0,0,0,0
2017-05-07T00:00:00Z,0,0,75,0,2,2,168
2017-05-08T00:00:00Z,0,0,278,1,5,8,369
2017-05-09T00:00:00Z,0,0,359,1,2,3,80
2017-05-10T00:00:00Z,0,0,779,1,10,18,714
2017-05-11T00:00:00Z,0,0,1548,0,9,9,820
2017-05-12T00:00:00Z,0,0,445,0,1,1,66
2017-05-13T00:00:00Z,0,0,157,0,1,1,119
2017-05-14T00:00:00Z,0,0,397,0,0,0,0
2017-05-15T00:00:00Z,0,0,187,0,0,0,0
2017-05-16T00:00:00Z,0,0,208,1,1,1,40
2017-05-17T00:00:00Z,0,0,408,4,9,9,624
2017-05-18T00:00:00Z,0,0,261,0,0,0,0
2017-05-19T00:00:00Z,0,0,180,1,5,5,278
2017-05-20T00:00:00Z,0,0,115,0,0,0,0
2017-05-21T00:00:00Z,0,0,79,0,0,0,0
2017-05-22T00:00:00Z,0,0,323,1,5,5,341
2017-05-23T00:00:00Z,1,0,461,2,8,9,434
2017-05-24T00:00:00Z,1,0,896,0,1,1,59
2017-05-25T00:00:00Z,1,0,860,2,5,12,418
2017-05-26T00:00:00Z,0,0,508,3,9,10,409
2017-05-27T00:00:00Z,0,0,157,1,4,4,149
2017-05-28T00:00:00Z,0,0,120,0,2,2,79
2017-05-29T00:00:00Z,0,0,1003,10,13,14,361
2017-05-30T00:00:00Z,0,0,1883,5,15,11,499
2017-05-31T00:00:00Z,1,0,3573,5,21,21,864
2017-06-01T00:00:00Z,2,0,4220,4,14,16,1040
2017-06-02T00:00:00Z,0,0,1089,0,1,1,39
2017-06-03T00:00:00Z,0,0,614,0,0,0,0
2017-06-04T00:00:00Z,0,0,607,0,1,1,26
2017-06-05T00:00:00Z,0,0,2011,3,18,28,1068
2017-06-06T00:00:00Z,0,0,1846,3,18,21,1514
2017-06-07T00:00:00Z,0,0,1356,2,11,11,795
2017-06-08T00:00:00Z,1,0,1355,1,2,3,210
2017-06-09T00:00:00Z,0,0,1080,0,8,10,300
2017-06-10T00:00:00Z,0,0,423,0,1,1,103
2017-06-11T00:00:00Z,0,0,245,0,0,0,0
2017-06-12T00:00:00Z,0,0,1294,3,16,17,905
2017-06-13T00:00:00Z,1,0,2015,5,22,31,1718
2017-06-14T00:00:00Z,0,0,1709,4,19,23,861
2017-06-15T00:00:00Z,0,0,2087,6,12,13,767
2017-06-16T00:00:00Z,0,0,1172,2,17,17,883
2017-06-17T00:00:00Z,0,0,470,1,3,4,151
2017-06-18T00:00:00Z,0,0,365,0,0,0,0
2017-06-19T00:00:00Z,0,0,1675,3,30,34,1000
2017-06-20T00:00:00Z,0,0,1360,4,9,9,546
2017-06-21T00:00:00Z,0,0,1960,3,32,35,1491
2017-06-22T00:00:00Z,0,0,1454,3,14,15,655
2017-06-23T00:00:00Z,0,0,1226,3,18,18,682
2017-06-24T00:00:00Z,0,0,586,0,0,0,0
2017-06-25T00:00:00Z,0,0,473,1,11,11,562
2017-06-26T00:00:00Z,0,0,1250,3,14,14,703
2017-06-27T00:00:00Z,0,0,1750,4,7,7,417
2017-06-28T00:00:00Z,0,0,1295,1,16,16,939
2017-06-29T00:00:00Z,0,0,1362,7,34,37,1644
2017-06-30T00:00:00Z,0,0,958,0,5,5,296
2017-07-01T00:00:00Z,0,0,312,0,0,0,0
2017-07-02T00:00:00Z,0,0,350,0,1,1,47
2017-07-03T00:00:00Z,0,0,1291,2,13,13,731
2017-07-04T00:00:00Z,0,0,1129,3,11,12,492
2017-07-05T00:00:00Z,1,0,1697,2,15,21,947
2017-07-06T00:00:00Z,1,0,1647,1,15,21,912
2017-07-07T00:00:00Z,0,0,894,0,1,1,60
2017-07-08T00:00:00Z,0,0,208,0,1,1,35
2017-07-09T00:00:00Z,0,0,359,0,1,2,33
2017-07-10T00:00:00Z,0,0,989,1,9,10,464
2017-07-11T00:00:00Z,0,0,1059,2,4,5,207
2017-07-12T00:00:00Z,1,0,1139,2,7,8,437
2017-07-13T00:00:00Z,0,0,971,1,7,8,412
2017-07-14T00:00:00Z,0,0,1077,5,11,17,590
2017-07-15T00:00:00Z,0,0,264,0,0,0,0
2017-07-16T00:00:00Z,0,0,556,1,1,6,59
2017-07-17T00:00:00Z,0,0,999,1,12,12,807
2017-07-18T00:00:00Z,0,0,840,1,10,10,468
2017-07-19T00:00:00Z,0,0,888,3,10,10,351
2017-07-20T00:00:00Z,0,0,1362,2,11,13,518
2017-07-21T00:00:00Z,0,0,1003,2,14,17,808
2017-07-22T00:00:00Z,0,0,412,0,3,4,86
2017-07-23T00:00:00Z,0,0,324,1,9,9,431
2017-07-24T00:00:00Z,0,0,1593,4,24,30,1235
2017-07-25T00:00:00Z,0,0,1398,2,23,26,1146
2017-07-26T00:00:00Z,0,0,1224,0,14,15,711
2017-07-27T00:00:00Z,0,0,1206,1,6,6,305
2017-07-28T00:00:00Z,0,0,739,1,3,4,109
2017-07-29T00:00:00Z,0,0,407,0,1,1,39
2017-07-30T00:00:00Z,0,0,317,0,0,0,0
2017-07-31T00:00:00Z,1,0,1561,4,15,17,700
2017-08-01T00:00:00Z,0,0,1205,2,4,4,170
2017-08-02T00:00:00Z,1,0,1260,4,8,11,394
2017-08-03T00:00:00Z,0,0,1270,3,8,11,302
2017-08-04T00:00:00Z,0,0,970,0,11,14,343
2017-08-05T00:00:00Z,0,0,233,0,0,0,0
2017-08-06T00:00:00Z,0,0,237,0,0,0,0
2017-08-07T00:00:00Z,0,0,1020,1,2,3,161
2017-08-08T00:00:00Z,0,0,612,1,2,2,83
2017-08-09T00:00:00Z,1,0,638,0,3,3,119
2017-08-10T00:00:00Z,0,0,834,3,6,8,270
2017-08-11T00:00:00Z,0,0,818,1,26,27,1266
2017-08-12T00:00:00Z,0,0,318,0,0,0,0
2017-08-13T00:00:00Z,0,0,268,0,0,0,0
2017-08-14T00:00:00Z,0,0,509,3,15,15,607
2017-08-15T00:00:00Z,0,0,406,1,8,8,403
2017-08-16T00:00:00Z,0,0,662,0,4,4,226
2017-08-17T00:00:00Z,0,0,755,1,2,3,99
2017-08-18T00:00:00Z,0,0,709,2,4,8,186
2017-08-19T00:00:00Z,0,0,380,1,1,1,20
2017-08-20T00:00:00Z,0,0,361,1,2,2,157
2017-08-21T00:00:00Z,0,0,1237,3,17,20,987
2017-08-22T00:00:00Z,0,0,1342,1,26,27,1485
2017-08-23T00:00:00Z,0,0,1292,1,2,2,44
2017-08-24T00:00:00Z,0,0,1533,11,20,25,735
2017-08-25T00:00:00Z,0,0,1295,3,23,25,937
2017-08-26T00:00:00Z,0,0,803,3,14,15,575
2017-08-27T00:00:00Z,0,0,498,0,1,1,41
2017-08-28T00:00:00Z,0,0,1477,1,16,24,804
2017-08-29T00:00:00Z,0,0,1533,1,6,8,374
2017-08-30T00:00:00Z,0,0,2327,1,13,25,537
2017-08-31T00:00:00Z,0,0,2040,4,28,43,1082
2017-09-01T00:00:00Z,0,0,1411,1,14,18,553
2017-09-02T00:00:00Z,0,0,508,0,0,0,0
2017-09-03T00:00:00Z,0,0,510,1,1,1,31
2017-09-04T00:00:00Z,0,0,1759,2,14,16,603
2017-09-05T00:00:00Z,1,0,1428,1,12,12,602
2017-09-06T00:00:00Z,0,0,1287,0,6,9,262
2017-09-07T00:00:00Z,0,0,1505,1,11,12,468
2017-09-08T00:00:00Z,0,0,1331,0,7,7,237
2017-09-09T00:00:00Z,0,0,588,1,8,8,352
2017-09-10T00:00:00Z,0,0,585,0,2,2,64
2017-09-11T00:00:00Z,0,0,1555,2,9,9,399
2017-09-12T00:00:00Z,0,0,1635,0,18,21,863
2017-09-13T00:00:00Z,1,0,1907,7,24,24,580
2017-09-14T00:00:00Z,0,0,1415,1,8,9,262
2017-09-15T00:00:00Z,0,0,1453,2,24,28,860
2017-09-16T00:00:00Z,0,0,772,0,1,1,34
2017-09-17T00:00:00Z,0,0,650,0,0,0,0
2017-09-18T00:00:00Z,0,0,1614,1,6,6,283
2017-09-19T00:00:00Z,0,0,1760,5,12,18,638
2017-09-20T00:00:00Z,0,0,1748,2,22,26,679
2017-09-21T00:00:00Z,0,0,1956,5,15,18,627
2017-09-22T00:00:00Z,0,0,1308,1,8,8,298
2017-09-23T00:00:00Z,0,0,983,2,4,4,108
2017-09-24T00:00:00Z,0,0,655,0,2,2,82
2017-09-25T00:00:00Z,0,0,1867,2,9,13,402
2017-09-26T00:00:00Z,0,0,1764,2,3,3,97
2017-09-27T00:00:00Z,0,0,1609,4,16,17,649
2017-09-28T00:00:00Z,0,0,2352,4,19,21,1203
2017-09-29T00:00:00Z,0,0,2523,4,28,33,1061
2017-09-30T00:00:00Z,0,0,1602,1,19,24,1017
2017-10-01T00:00:00Z,0,0,791,1,6,6,203
2017-10-02T00:00:00Z,0,0,2307,2,13,21,610
2017-10-03T00:00:00Z,0,0,2285,3,21,25,975
2017-10-04T00:00:00Z,0,0,2371,4,17,31,901
2017-10-05T00:00:00Z,0,0,2375,3,34,39,1400
2017-10-06T00:00:00Z,0,0,1996,2,8,20,789
2017-10-07T00:00:00Z,1,0,1926,2,8,8,246
2017-10-08T00:00:00Z,0,0,1003,0,6,7,1037
2017-10-09T00:00:00Z,1,0,2417,4,28,37,1606
2017-10-10T00:00:00Z,0,0,1885,1,15,17,849
2017-10-11T00:00:00Z,1,0,2495,4,17,19,704
2017-10-12T00:00:00Z,1,0,2183,4,32,36,2111
2017-10-13T00:00:00Z,0,0,2381,3,16,19,605
2017-10-14T00:00:00Z,0,0,1211,1,6,9,301
2017-10-15T00:00:00Z,0,0,787,0,1,1,38
2017-10-16T00:00:00Z,0,0,1849,1,12,15,525
2017-10-17T00:00:00Z,0,0,2143,5,12,15,669
2017-10-18T00:00:00Z,0,0,2633,2,23,31,1415
2017-10-19T00:00:00Z,0,0,2093,3,19,27,727
2017-10-20T00:00:00Z,0,0,1861,1,16,23,864
2017-10-21T00:00:00Z,0,0,757,0,2,2,115
2017-10-22T00:00:00Z,0,0,661,1,2,8,58
2017-10-23T00:00:00Z,0,0,1316,1,4,8,426
2017-10-24T00:00:00Z,0,0,1756,2,12,12,620
2017-10-25T00:00:00Z,0,0,1596,0,5,5,239
2017-10-26T00:00:00Z,0,0,1862,1,8,11,332
2017-10-27T00:00:00Z,0,0,1486,1,21,22,723
2017-10-28T00:00:00Z,0,0,1040,1,6,7,220
2017-10-29T00:00:00Z,0,0,812,1,1,1,51
2017-10-30T00:00:00Z,0,0,1967,2,17,22,916
2017-10-31T00:00:00Z,0,0,1880,2,11,11,493
2017-11-01T00:00:00Z,0,0,825,0,4,4,129
2017-11-02T00:00:00Z,0,0,2377,0,16,16,677
2017-11-03T00:00:00Z,0,0,1537,1,4,4,216
2017-11-04T00:00:00Z,0,0,661,1,6,8,278
2017-11-05T00:00:00Z,0,0,657,0,2,2,100
2017-11-06T00:00:00Z,1,0,2185,3,16,16,686
2017-11-07T00:00:00Z,0,0,2573,3,31,35,1718
2017-11-08T00:00:00Z,0,0,2286,4,19,19,955
2017-11-09T00:00:00Z,1,0,2038,2,19,24,932
2017-11-10T00:00:00Z,0,0,2144,1,23,27,934
2017-11-11T00:00:00Z,0,0,959,0,3,3,171
2017-11-12T00:00:00Z,0,0,702,1,2,6,112
2017-11-13T00:00:00Z,0,0,2127,5,19,21,797
2017-11-14T00:00:00Z,0,0,2277,1,13,13,468
2017-11-15T00:00:00Z,0,0,3288,8,13,13,625
2017-11-16T00:00:00Z,0,0,3716,1,23,25,907
2017-11-17T00:00:00Z,0,0,3602,4,28,31,1034
2017-11-18T00:00:00Z,0,0,1869,2,5,7,213
2017-11-19T00:00:00Z,0,0,1906,1,7,9,322
2017-11-20T00:00:00Z,0,0,4243,3,16,22,639
2017-11-21T00:00:00Z,0,0,3710,6,12,22,733
2017-11-22T00:00:00Z,0,0,3164,4,17,18,1012
2017-11-23T00:00:00Z,0,0,4129,2,25,27,980
2017-11-24T00:00:00Z,0,0,3340,2,7,14,301
2017-11-25T00:00:00Z,0,0,2242,0,3,3,151
2017-11-26T00:00:00Z,0,0,2281,1,5,7,250
2017-11-27T00:00:00Z,0,0,2341,1,8,11,364
2017-11-28T00:00:00Z,0,0,2430,5,28,37,1725
2017-11-29T00:00:00Z,1,0,2352,1,17,21,739
2017-11-30T00:00:00Z,0,0,2264,2,14,18,501
2017-12-01T00:00:00Z,0,0,3766,2,18,19,957
2017-12-02T00:00:00Z,0,0,2347,0,8,12,254
2017-12-03T00:00:00Z,0,0,2147,0,15,15,641
2017-12-04T00:00:00Z,0,0,4117,3,34,39,1576
2017-12-05T00:00:00Z,0,0,3743,5,20,29,683
2017-12-06T00:00:00Z,0,0,2909,3,24,26,929
2017-12-07T00:00:00Z,0,0,2999,2,14,16,520
2017-12-08T00:00:00Z,0,0,1051,0,3,4,190
2017-12-09T00:00:00Z,0,0,1393,0,6,6,234
2017-12-10T00:00:00Z,0,0,1025,2,5,7,155
2017-12-11T00:00:00Z,0,0,2547,2,7,10,201
2017-12-12T00:00:00Z,0,0,2996,3,26,33,1053
2017-12-13T00:00:00Z,0,0,2596,3,18,23,633
2017-12-14T00:00:00Z,0,0,2658,3,23,26,835
2017-12-15T00:00:00Z,0,0,2404,2,19,19,812
2017-12-16T00:00:00Z,0,0,1669,2,12,15,445
2017-12-17T00:00:00Z,0,0,1404,0,16,17,520
2017-12-18T00:00:00Z,0,0,2724,4,21,21,621
2017-12-19T00:00:00Z,0,0,3404,2,13,15,574
2017-12-20T00:00:00Z,1,0,3008,1,12,15,337
2017-12-21T00:00:00Z,0,0,2133,2,13,13,612
2017-12-22T00:00:00Z,0,0,1891,2,11,12,373
2017-12-23T00:00:00Z,0,0,940,1,8,8,265
2017-12-24T00:00:00Z,0,0,881,1,7,7,266
2017-12-25T00:00:00Z,0,0,629,0,3,3,120
2017-12-26T00:00:00Z,0,0,1465,0,8,11,304
2017-12-27T00:00:00Z,0,0,2248,1,32,33,939
2017-12-28T00:00:00Z,0,0,3122,1,18,19,656
2017-12-29T00:00:00Z,0,0,2149,0,5,9,215
2017-12-30T00:00:00Z,0,0,1042,0,1,1,48
2017-12-31T00:00:00Z,0,0,656,0,0,0,0
2018-01-01T00:00:00Z,0,0,762,1,2,2,79
2018-01-02T00:00:00Z,0,0,1786,1,3,4,92
2018-01-03T00:00:00Z,0,0,2008,2,18,18,794
2018-01-04T00:00:00Z,0,0,2450,1,4,5,278
2018-01-05T00:00:00Z,0,0,1837,4,9,10,270
2018-01-06T00:00:00Z,0,0,941,0,2,2,60
2018-01-07T00:00:00Z,0,0,1289,2,5,5,406
2018-01-08T00:00:00Z,0,0,3478,0,8,8,294
2018-01-09T00:00:00Z,0,0,4356,6,24,29,1570
2018-01-10T00:00:00Z,0,0,3651,3,22,24,1311
2018-01-11T00:00:00Z,0,0,3123,2,48,48,1781
2018-01-12T00:00:00Z,0,0,4570,1,11,14,389
2018-01-13T00:00:00Z,0,0,1644,3,24,26,1367
2018-01-14T00:00:00Z,0,0,1268,0,8,8,408
2018-01-15T00:00:00Z,0,0,3110,3,20,22,966
2018-01-16T00:00:00Z,0,0,4700,0,19,19,649
2018-01-17T00:00:00Z,0,0,2682,1,12,13,492
2018-01-18T00:00:00Z,0,0,3637,5,23,34,1103
2018-01-19T00:00:00Z,0,0,3614,1,10,10,589
2018-01-20T00:00:00Z,0,0,1431,1,14,16,1028
2018-01-21T00:00:00Z,0,0,1021,0,0,0,0
2018-01-22T00:00:00Z,0,0,2445,3,13,15,378
2018-01-23T00:00:00Z,0,0,3455,4,14,15,551
2018-01-24T00:00:00Z,0,0,2772,0,11,16,552
2018-01-25T00:00:00Z,0,0,3063,0,12,12,533
2018-01-26T00:00:00Z,0,0,4298,4,40,41,1688
2018-01-27T00:00:00Z,0,0,2073,1,13,14,409
2018-01-28T00:00:00Z,0,0,1812,1,11,11,363
2018-01-29T00:00:00Z,0,0,3835,4,21,25,764
2018-01-30T00:00:00Z,0,0,4060,4,28,32,903
2018-01-31T00:00:00Z,0,0,3632,49,55,55,894
2018-02-01T00:00:00Z,0,0,4175,3,17,24,570
2018-02-02T00:00:00Z,0,0,4081,3,24,25,844
2018-02-03T00:00:00Z,0,0,1463,2,11,15,476
2018-02-04T00:00:00Z,0,0,1175,0,4,4,117
2018-02-05T00:00:00Z,0,0,3173,7,29,37,1017
2018-02-06T00:00:00Z,0,0,5025,3,35,38,1401
2018-02-07T00:00:00Z,0,0,4291,4,9,13,501
2018-02-08T00:00:00Z,0,0,5732,8,47,63,1618
2018-02-09T00:00:00Z,0,0,4719,4,23,30,876
2018-02-10T00:00:00Z,0,0,1540,1,4,5,174
2018-02-11T00:00:00Z,0,0,1257,3,3,6,105
2018-02-12T00:00:00Z,0,0,5111,5,23,27,811
2018-02-13T00:00:00Z,0,0,3289,2,17,22,545
2018-02-14T00:00:00Z,1,0,4439,0,27,42,2030
2018-02-15T00:00:00Z,0,0,5045,3,38,43,2551
2018-02-16T00:00:00Z,0,0,4486,6,33,35,1317
2018-02-17T00:00:00Z,0,0,3386,0,2,2,26
2018-02-18T00:00:00Z,0,0,2352,0,4,4,265
2018-02-19T00:00:00Z,0,0,5029,4,24,33,1068
2018-02-20T00:00:00Z,0,0,4164,0,8,8,270
2018-02-21T00:00:00Z,0,0,5833,2,8,10,267
2018-02-22T00:00:00Z,0,0,6013,2,19,23,884
2018-02-23T00:00:00Z,0,0,6450,3,23,23,927
2018-02-24T00:00:00Z,0,0,1947,1,2,2,77
2018-02-25T00:00:00Z,0,0,1587,2,11,14,517
2018-02-26T00:00:00Z,0,0,4149,2,25,29,539
2018-02-27T00:00:00Z,0,0,3796,3,17,23,424
2018-02-28T00:00:00Z,0,0,4351,2,23,27,615
2018-03-01T00:00:00Z,0,0,4277,3,60,68,1606
2018-03-02T00:00:00Z,0,0,3004,1,11,20,440
2018-03-03T00:00:00Z,0,0,1621,0,5,6,188
2018-03-04T00:00:00Z,0,0,1613,0,9,15,397
2018-03-05T00:00:00Z,0,0,2821,1,12,12,439
2018-03-06T00:00:00Z,0,0,3595,5,20,27,749
2018-03-07T00:00:00Z,0,0,3778,6,13,14,590
2018-03-08T00:00:00Z,0,0,3140,4,15,17,655
2018-03-09T00:00:00Z,0,0,3320,4,24,25,932
2018-03-10T00:00:00Z,0,0,2182,0,8,8,554
2018-03-11T00:00:00Z,0,0,1584,1,1,1,58
2018-03-12T00:00:00Z,0,0,3834,2,9,9,307
2018-03-13T00:00:00Z,0,0,3656,4,16,25,637
2018-03-14T00:00:00Z,0,0,3445,1,15,18,469
2018-03-15T00:00:00Z,0,0,3956,7,17,20,593
2018-03-16T00:00:00Z,0,0,2855,3,9,9,373
2018-03-17T00:00:00Z,0,0,2104,1,8,8,456
2018-03-18T00:00:00Z,0,0,1640,0,0,0,0
2018-03-19T00:00:00Z,0,0,3020,2,9,9,397
2018-03-20T00:00:00Z,0,0,3048,0,6,10,198
2018-03-21T00:00:00Z,1,0,3561,6,23,38,836
2018-03-22T00:00:00Z,0,0,3836,0,6,6,169
2018-03-23T00:00:00Z,0,0,3492,2,10,13,387
2018-03-24T00:00:00Z,0,0,1991,0,8,11,253
2018-03-25T00:00:00Z,0,0,1630,3,5,10,136
2018-03-26T00:00:00Z,0,0,4484,2,11,13,299
2018-03-27T00:00:00Z,0,0,3982,2,11,14,286
2018-03-28T00:00:00Z,0,0,3820,1,13,15,470
2018-03-29T00:00:00Z,0,0,3546,3,13,14,511
2018-03-30T00:00:00Z,0,0,3103,1,9,12,269
2018-03-31T00:00:00Z,0,0,1591,0,3,3,84
2018-04-01T00:00:00Z,0,0,1528,0,1,1,14
2018-04-02T00:00:00Z,0,0,1284,0,5,5,182
2018-04-03T00:00:00Z,0,0,4389,14,23,33,833
2018-04-04T00:00:00Z,0,0,3651,3,13,21,373
2018-04-05T00:00:00Z,0,0,3378,1,12,14,282
2018-04-06T00:00:00Z,0,0,3659,4,9,18,263
2018-04-07T00:00:00Z,0,0,1943,1,3,3,134
2018-04-08T00:00:00Z,0,0,1883,0,4,4,189
2018-04-09T00:00:00Z,0,0,4069,0,8,11,274
2018-04-10T00:00:00Z,0,0,4830,2,10,11,427
2018-04-11T00:00:00Z,0,0,4356,1,6,7,154
2018-04-12T00:00:00Z,0,0,4258,8,20,22,691
2018-04-13T00:00:00Z,0,0,3876,3,8,12,469
2018-04-14T00:00:00Z,0,0,2013,0,3,3,211
2018-04-15T00:00:00Z,0,0,2032,0,1,1,39
2018-04-16T00:00:00Z,0,0,4623,0,8,8,251
2018-04-17T00:00:00Z,0,0,4696,1,4,4,146
2018-04-18T00:00:00Z,0,0,3808,4,12,16,486
2018-04-19T00:00:00Z,0,0,3672,1,1,3,49
2018-04-20T00:00:00Z,1,0,3332,3,5,5,164
2018-04-21T00:00:00Z,0,0,3263,1,18,19,667
2018-04-22T00:00:00Z,0,0,1957,2,11,11,324
2018-04-23T00:00:00Z,0,0,5458,5,27,29,990
2018-04-24T00:00:00Z,1,0,4942,2,22,25,718
2018-04-25T00:00:00Z,0,0,1991,3,9,10,321
2018-04-26T00:00:00Z,0,0,3632,1,6,6,159
2018-04-27T00:00:00Z,0,0,3073,4,7,9,234
2018-04-28T00:00:00Z,0,0,2060,1,11,11,405
2018-04-29T00:00:00Z,0,0,1691,0,7,7,339
2018-04-30T00:00:00Z,0,0,3012,2,9,13,263
2018-05-01T00:00:00Z,0,0,2201,0,1,1,35
2018-05-02T00:00:00Z,0,0,4077,3,11,13,351
2018-05-03T00:00:00Z,0,0,4777,2,13,17,385
2018-05-04T00:00:00Z,0,0,3924,3,26,27,569
2018-05-05T00:00:00Z,0,0,2796,2,10,10,175
2018-05-06T00:00:00Z,0,0,1903,1,5,6,97
2018-05-07T00:00:00Z,0,0,4637,16,37,40,1032
2018-05-08T00:00:00Z,0,0,5847,1,12,12,638
2018-05-09T00:00:00Z,0,0,5537,1,4,5,84
2018-05-10T00:00:00Z,0,0,5303,3,12,15,392
2018-05-11T00:00:00Z,0,0,4258,2,12,15,256
2018-05-12T00:00:00Z,0,0,2583,1,3,4,98
2018-05-13T00:00:00Z,0,0,1603,0,0,0,0
2018-05-14T00:00:00Z,0,0,4445,3,15,16,574
2018-05-15T00:00:00Z,0,0,4730,2,15,18,1003
2018-05-16T00:00:00Z,0,0,4614,1,12,18,1000
2018-05-17T00:00:00Z,0,0,4750,2,12,15,511
2018-05-18T00:00:00Z,0,0,3999,13,30,30,1648
2018-05-19T00:00:00Z,0,0,193,0,0,0,0
2018-05-20T00:00:00Z,0,0,3274,3,3,8,274
2018-05-21T00:00:00Z,0,0,8445,1,2,2,143
2018-05-22T00:00:00Z,0,0,10508,1,13,20,1218
2018-05-23T00:00:00Z,0,0,5907,3,8,13,544
2018-05-24T00:00:00Z,0,0,7387,7,30,32,2067
2018-05-25T00:00:00Z,0,0,5759,1,12,13,1030
2018-05-26T00:00:00Z,0,0,3422,1,1,1,58
2018-05-27T00:00:00Z,0,0,2745,0,2,2,106
2018-05-28T00:00:00Z,0,0,5290,2,7,9,438
2018-05-29T00:00:00Z,0,0,4731,3,27,33,1084
2018-05-30T00:00:00Z,0,0,5950,4,12,13,837
2018-05-31T00:00:00Z,0,0,5206,5,12,13,640
2018-06-01T00:00:00Z,1,0,4467,5,13,16,780
2018-06-02T00:00:00Z,0,0,2108,0,5,6,211
2018-06-03T00:00:00Z,0,0,2144,0,8,8,220
2018-06-04T00:00:00Z,0,0,5110,3,12,16,1540
2018-06-05T00:00:00Z,1,0,5809,2,22,26,1970
2018-06-06T00:00:00Z,0,0,5905,10,33,35,1815
2018-06-07T00:00:00Z,0,0,5809,3,32,37,1923
2018-06-08T00:00:00Z,2,0,5735,5,15,20,1284
2018-06-09T00:00:00Z,0,0,2680,0,5,5,117
2018-06-10T00:00:00Z,0,0,2621,1,3,4,57
2018-06-11T00:00:00Z,0,0,5154,1,8,8,517
2018-06-12T00:00:00Z,0,0,5585,1,8,8,697
2018-06-13T00:00:00Z,0,0,5066,3,20,20,1799
2018-06-14T00:00:00Z,0,0,7013,11,28,32,1507
2018-06-15T00:00:00Z,0,0,6279,13,32,32,1989
2018-06-16T00:00:00Z,0,0,2860,0,5,5,107
2018-06-17T00:00:00Z,1,0,2371,1,2,3,109
2018-06-18T00:00:00Z,0,0,6582,4,32,32,1885
2018-06-19T00:00:00Z,0,0,6815,0,16,16,996
2018-06-20T00:00:00Z,0,0,6395,1,18,20,1024
2018-06-21T00:00:00Z,0,0,5435,3,10,10,438
2018-06-22T00:00:00Z,0,0,4605,4,10,11,921
2018-06-23T00:00:00Z,0,0,2509,1,5,5,706
2018-06-24T00:00:00Z,0,0,2287,2,11,11,533
2018-06-25T00:00:00Z,0,0,5183,5,22,22,1045
2018-06-26T00:00:00Z,1,0,6360,4,14,24,554
2018-06-27T00:00:00Z,0,0,4803,0,15,16,481
2018-06-28T00:00:00Z,0,0,4207,0,5,5,390
2018-06-29T00:00:00Z,0,0,5130,5,20,21,1565
2018-06-30T00:00:00Z,0,0,2042,1,4,4,381
2018-07-01T00:00:00Z,0,0,1923,1,2,2,81
2018-07-02T00:00:00Z,0,0,4408,2,10,11,456
2018-07-03T00:00:00Z,1,0,4453,1,12,12,1032
2018-07-04T00:00:00Z,0,0,4533,3,17,17,1344
2018-07-05T00:00:00Z,0,0,4285,0,15,15,977
2018-07-06T00:00:00Z,0,0,3188,1,8,8,649
2018-07-07T00:00:00Z,0,0,1719,0,12,12,305
2018-07-08T00:00:00Z,0,0,2197,3,5,12,255
2018-07-09T00:00:00Z,0,0,4661,3,29,33,1404
2018-07-10T00:00:00Z,0,0,4116,2,15,15,552
2018-07-11T00:00:00Z,0,0,3894,3,11,13,522
2018-07-12T00:00:00Z,0,0,3996,5,24,25,964
2018-07-13T00:00:00Z,0,0,4070,2,33,38,1133
2018-07-14T00:00:00Z,0,0,1962,1,4,4,221
2018-07-15T00:00:00Z,0,0,3708,0,14,16,299
2018-07-16T00:00:00Z,0,0,4681,3,25,25,2047
2018-07-17T00:00:00Z,0,0,5627,4,60,60,2090
2018-07-18T00:00:00Z,0,0,5703,5,20,40,1371
2018-07-19T00:00:00Z,0,0,4745,2,18,22,1204
2018-07-20T00:00:00Z,0,0,3776,3,11,14,672
2018-07-21T00:00:00Z,0,0,2429,0,8,8,397
2018-07-22T00:00:00Z,0,0,1879,0,3,5,140
2018-07-23T00:00:00Z,0,0,5286,2,17,17,856
2018-07-24T00:00:00Z,0,0,4063,3,11,18,724
2018-07-25T00:00:00Z,0,0,4332,1,5,7,312
2018-07-26T00:00:00Z,0,0,4199,2,21,22,1835
2018-07-27T00:00:00Z,0,0,3921,3,17,25,1332
2018-07-28T00:00:00Z,0,0,2330,0,3,4,129
2018-07-29T00:00:00Z,0,0,2119,1,6,8,329
2018-07-30T00:00:00Z,0,0,4495,19,32,38,983
2018-07-31T00:00:00Z,0,0,3854,1,5,5,401
2018-08-01T00:00:00Z,0,0,4236,2,21,22,1209
2018-08-02T00:00:00Z,0,0,3796,3,18,22,1129
2018-08-03T00:00:00Z,0,0,2768,0,8,8,410
2018-08-04T00:00:00Z,1,0,1941,1,6,6,159
2018-08-05T00:00:00Z,0,0,1779,0,3,4,113
2018-08-06T00:00:00Z,0,0,3586,6,11,12,441
2018-08-07T00:00:00Z,0,0,3720,2,8,8,435
2018-08-08T00:00:00Z,0,0,3572,2,15,15,759
2018-08-09T00:00:00Z,1,0,4285,0,7,8,341
2018-08-10T00:00:00Z,0,0,3351,2,4,4,127
2018-08-11T00:00:00Z,0,0,1543,1,2,2,130
2018-08-12T00:00:00Z,0,0,2073,0,2,2,66
2018-08-13T00:00:00Z,0,0,2485,1,3,3,211
2018-08-14T00:00:00Z,0,0,4168,2,4,6,205
2018-08-15T00:00:00Z,0,0,2067,0,0,0,0
2018-08-16T00:00:00Z,0,0,2393,0,7,7,339
2018-08-17T00:00:00Z,0,0,2653,0,5,5,484
2018-08-18T00:00:00Z,0,0,1590,0,3,3,121
2018-08-19T00:00:00Z,0,0,1955,0,3,3,92
2018-08-20T00:00:00Z,0,0,7110,1,5,5,175
2018-08-21T00:00:00Z,0,0,3238,3,6,6,229
2018-08-22T00:00:00Z,0,0,4567,2,12,13,407
2018-08-23T00:00:00Z,0,0,3319,1,8,12,276
2018-08-24T00:00:00Z,0,0,4310,1,9,12,197
2018-08-25T00:00:00Z,0,0,1837,0,2,3,75
2018-08-26T00:00:00Z,0,0,1691,0,2,2,79
2018-08-27T00:00:00Z,0,0,3438,2,7,9,239
2018-08-28T00:00:00Z,0,0,3742,1,8,10,314
2018-08-29T00:00:00Z,0,0,5688,11,19,22,1214
2018-08-30T00:00:00Z,0,0,4697,2,9,9,750
2018-08-31T00:00:00Z,0,0,3740,3,20,21,1422
2018-09-01T00:00:00Z,0,0,1954,1,1,1,42
2018-09-02T00:00:00Z,0,0,1711,0,6,7,271
2018-09-03T00:00:00Z,0,0,6452,2,16,16,1118
2018-09-04T00:00:00Z,0,0,5560,1,37,38,3863
2018-09-05T00:00:00Z,0,0,4919,5,31,43,2774
2018-09-06T00:00:00Z,0,0,5060,2,36,37,3731
2018-09-07T00:00:00Z,0,0,4211,8,50,50,4343
2018-09-08T00:00:00Z,0,0,4171,3,7,9,397
2018-09-09T00:00:00Z,0,0,3176,1,2,2,109
2018-09-10T00:00:00Z,0,0,5146,2,47,47,5061
2018-09-11T00:00:00Z,0,0,5806,8,115,115,10177
2018-09-12T00:00:00Z,0,0,6183,2,44,44,3398
2018-09-13T00:00:00Z,0,0,7095,4,26,29,1408
2018-09-14T00:00:00Z,0,0,4679,2,9,13,320
2018-09-15T00:00:00Z,0,0,2485,0,0,0,0
2018-09-16T00:00:00Z,0,0,2258,0,2,2,115
2018-09-17T00:00:00Z,0,0,4799,3,10,11,462
2018-09-18T00:00:00Z,0,0,6698,2,12,13,526
2018-09-19T00:00:00Z,0,0,5720,3,23,24,1396
2018-09-20T00:00:00Z,0,0,5607,1,46,63,1648
2018-09-21T00:00:00Z,0,0,5280,5,25,25,1287
2018-09-22T00:00:00Z,0,0,3982,1,4,4,217
2018-09-23T00:00:00Z,0,0,4427,0,3,3,139
2018-09-24T00:00:00Z,0,0,9439,2,18,19,845
2018-09-25T00:00:00Z,1,0,5574,6,36,37,1755
2018-09-26T00:00:00Z,0,0,6068,4,25,35,1547
2018-09-27T00:00:00Z,0,0,5517,3,37,41,2076
2018-09-28T00:00:00Z,0,0,6816,3,24,25,1156
2018-09-29T00:00:00Z,0,0,2842,1,2,2,187
2018-09-30T00:00:00Z,0,0,2735,1,5,6,226
2018-10-01T00:00:00Z,0,0,5575,3,37,40,2418
2018-10-02T00:00:00Z,0,0,6239,2,18,19,1248
2018-10-03T00:00:00Z,0,0,8148,4,30,30,1372
2018-10-04T00:00:00Z,0,0,5881,4,21,22,1292
2018-10-05T00:00:00Z,0,0,5902,1,28,29,1288
2018-10-06T00:00:00Z,0,0,4380,0,3,3,114
2018-10-07T00:00:00Z,0,0,2713,2,7,13,172
2018-10-08T00:00:00Z,1,0,8407,5,17,23,964
2018-10-09T00:00:00Z,0,0,6586,1,23,23,791
2018-10-10T00:00:00Z,0,0,6210,1,17,17,518
2018-10-11T00:00:00Z,0,0,6068,3,21,21,1430
2018-10-12T00:00:00Z,0,0,6081,3,14,15,748
2018-10-13T00:00:00Z,0,0,4597,1,3,3,110
2018-10-14T00:00:00Z,0,0,3254,3,10,10,355
2018-10-15T00:00:00Z,0,0,6789,1,13,13,495
2018-10-16T00:00:00Z,1,0,7159,1,32,34,1799
2018-10-17T00:00:00Z,0,0,8282,4,30,32,1840
2018-10-18T00:00:00Z,0,0,10922,5,43,44,3167
2018-10-19T00:00:00Z,0,0,6596,5,19,19,1160
2018-10-20T00:00:00Z,0,0,3489,1,9,9,621
2018-10-21T00:00:00Z,0,0,2861,1,6,6,294
2018-10-22T00:00:00Z,0,0,6878,1,17,17,827
2018-10-23T00:00:00Z,0,0,18177,6,20,20,864
2018-10-24T00:00:00Z,0,0,7448,3,27,28,2035
2018-10-25T00:00:00Z,0,0,7743,3,17,19,1450
2018-10-26T00:00:00Z,0,0,8256,4,34,34,2235
2018-10-27T00:00:00Z,0,0,3495,1,10,10,849
2018-10-28T00:00:00Z,0,0,2903,0,3,3,65
2018-10-29T00:00:00Z,0,0,11589,6,20,24,1147
2018-10-30T00:00:00Z,0,0,7550,6,27,29,1604
2018-10-31T00:00:00Z,0,0,6826,1,15,15,850
2018-11-01T00:00:00Z,0,0,4694,1,7,7,303
2018-11-02T00:00:00Z,0,0,5835,2,19,25,852
2018-11-03T00:00:00Z,0,0,3776,3,13,13,310
2018-11-04T00:00:00Z,0,0,3146,4,9,10,265
2018-11-05T00:00:00Z,1,0,6308,2,22,22,883
2018-11-06T00:00:00Z,0,0,6992,5,11,11,570
2018-11-07T00:00:00Z,0,0,7509,4,24,24,1070
2018-11-08T00:00:00Z,0,0,7995,7,31,31,1122
2018-11-09T00:00:00Z,0,0,6812,4,24,26,1906
2018-11-10T00:00:00Z,0,0,4314,0,5,5,318
2018-11-11T00:00:00Z,0,0,3372,1,12,12,492
2018-11-12T00:00:00Z,0,0,7948,5,37,40,2337
2018-11-13T00:00:00Z,0,0,9922,9,91,101,4948
2018-11-14T00:00:00Z,0,0,7748,7,77,82,4161
2018-11-15T00:00:00Z,1,0,8273,9,48,48,2349
2018-11-16T00:00:00Z,0,0,7437,4,36,38,1983
2018-11-17T00:00:00Z,0,0,3844,2,8,10,369
2018-11-18T00:00:00Z,0,0,5525,2,8,9,503
2018-11-19T00:00:00Z,0,0,7587,7,33,33,1558
2018-11-20T00:00:00Z,0,0,9681,8,54,57,2731
2018-11-21T00:00:00Z,0,0,8226,3,56,57,3123
2018-11-22T00:00:00Z,1,0,9845,9,57,61,2651
2018-11-23T00:00:00Z,0,0,7173,8,64,68,2876
2018-11-24T00:00:00Z,0,0,3798,2,12,13,480
2018-11-25T00:00:00Z,0,0,5313,2,11,11,687
2018-11-26T00:00:00Z,0,0,7733,8,61,62,3070
2018-11-27T00:00:00Z,0,0,10046,6,49,49,2467
2018-11-28T00:00:00Z,0,0,8543,17,80,83,3129
2018-11-29T00:00:00Z,0,0,7781,6,40,42,1744
2018-11-30T00:00:00Z,0,0,8154,7,62,62,2396
2018-12-01T00:00:00Z,0,0,3701,0,5,5,171
2018-12-02T00:00:00Z,0,0,6564,1,7,7,289
2018-12-03T00:00:00Z,0,0,8606,9,54,56,2844
2018-12-04T00:00:00Z,0,0,9402,9,63,65,3098
2018-12-05T00:00:00Z,0,0,8512,10,41,41,1617
2018-12-06T00:00:00Z,0,0,9030,10,129,131,6749
2018-12-07T00:00:00Z,1,0,9876,9,95,102,3806
2018-12-08T00:00:00Z,0,0,3828,1,10,10,447
2018-12-09T00:00:00Z,0,0,4295,1,3,3,206
2018-12-10T00:00:00Z,0,0,8441,12,54,55,2005
2018-12-11T00:00:00Z,1,0,10635,8,58,65,2138
2018-12-12T00:00:00Z,0,0,11000,12,86,89,3674
2018-12-13T00:00:00Z,0,0,11787,11,94,96,3972
2018-12-14T00:00:00Z,0,0,8887,11,47,48,1839
2018-12-15T00:00:00Z,0,0,6718,1,20,20,901
2018-12-16T00:00:00Z,0,0,7655,3,16,18,715
2018-12-17T00:00:00Z,0,0,15331,10,97,97,3830
2018-12-18T00:00:00Z,0,0,12615,13,122,122,4594
2018-12-19T00:00:00Z,0,0,10313,6,70,71,2501
2018-12-20T00:00:00Z,0,0,10104,11,66,68,2266
2018-12-21T00:00:00Z,0,0,9461,6,163,170,4976
2018-12-22T00:00:00Z,0,0,4372,1,23,24,676
2018-12-23T00:00:00Z,0,0,6931,4,35,35,1514
2018-12-24T00:00:00Z,0,0,4637,2,84,106,2509
2018-12-25T00:00:00Z,0,0,2675,0,2,2,84
2018-12-26T00:00:00Z,0,0,3587,1,13,16,808
2018-12-27T00:00:00Z,0,0,10536,8,51,54,1765
2018-12-28T00:00:00Z,0,0,8641,6,24,25,825
2018-12-29T00:00:00Z,0,0,4668,1,11,11,678
2018-12-30T00:00:00Z,0,0,3999,3,19,29,664
2018-12-31T00:00:00Z,0,0,5109,3,36,37,1558
2019-01-01T00:00:00Z,0,0,6108,0,16,19,444
2019-01-02T00:00:00Z,0,0,11976,7,116,117,5835
2019-01-03T00:00:00Z,0,0,12662,6,87,92,3186
2019-01-04T00:00:00Z,0,0,13602,9,110,115,3750
2019-01-05T00:00:00Z,0,0,6925,6,58,62,2326
2019-01-06T00:00:00Z,0,0,7791,2,30,33,1145
2019-01-07T00:00:00Z,2,0,19574,5,73,79,2743
2019-01-08T00:00:00Z,0,0,19182,7,93,97,4867
2019-01-09T00:00:00Z,0,0,20143,8,72,78,3120
2019-01-10T00:00:00Z,0,0,19857,13,79,81,3211
2019-01-11T00:00:00Z,0,0,18120,12,97,104,3694
2019-01-12T00:00:00Z,1,0,11546,1,0,0,0
2019-01-13T00:00:00Z,0,0,7115,2,0,0,0
2019-01-14T00:00:00Z,0,0,21054,8,0,0,0
2019-01-15T00:00:00Z,1,0,21551,16,0,0,0
2019-01-16T00:00:00Z,0,0,21466,14,25,26,986
2019-01-17T00:00:00Z,1,0,23625,12,67,72,2142
2019-01-18T00:00:00Z,1,0,24220,12,70,76,1980
2019-01-19T00:00:00Z,0,0,9888,2,64,72,2270
2019-01-20T00:00:00Z,0,0,8999,1,16,21,498
2019-01-21T00:00:00Z,0,0,23762,8,108,115,4540
2019-01-22T00:00:00Z,0,0,23806,13,88,92,2489
2019-01-23T00:00:00Z,0,0,21938,11,147,160,4591
2019-01-24T00:00:00Z,0,0,23405,14,131,140,3629
2019-01-25T00:00:00Z,0,0,20750,13,88,93,3052
2019-01-26T00:00:00Z,1,0,8684,5,70,73,2465
2019-01-27T00:00:00Z,0,0,7332,3,20,21,739
2019-01-28T00:00:00Z,1,0,22896,11,92,94,2746
2019-01-29T00:00:00Z,0,0,21246,10,92,93,3502
2019-01-30T00:00:00Z,0,0,22015,11,138,145,5301
2019-01-31T00:00:00Z,0,0,21840,7,65,65,1882
2019-02-01T00:00:00Z,0,0,19792,9,91,108,3887
2019-02-02T00:00:00Z,0,0,8472,4,35,40,1733
2019-02-03T00:00:00Z,0,0,6654,0,24,24,755
2019-02-04T00:00:00Z,0,0,19842,8,55,59,2143
2019-02-05T00:00:00Z,1,0,20466,11,102,103,3463
2019-02-06T00:00:00Z,0,0,22283,19,129,145,4263
2019-02-07T00:00:00Z,0,0,20604,9,86,107,3163
2019-02-08T00:00:00Z,0,0,19274,3,62,64,2185
2019-02-09T00:00:00Z,1,0,8246,2,38,43,1780
2019-02-10T00:00:00Z,0,0,6269,2,19,19,757
2019-02-11T00:00:00Z,0,0,20705,9,131,136,4783
2019-02-12T00:00:00Z,0,0,21118,11,80,84,2668
2019-02-13T00:00:00Z,0,0,19933,8,112,115,3427
2019-02-14T00:00:00Z,0,0,17925,5,68,79,1868
2019-02-15T00:00:00Z,0,0,17461,4,94,100,3032
2019-02-16T00:00:00Z,0,0,7005,3,22,22,621
2019-02-17T00:00:00Z,0,0,5937,3,40,41,1015
2019-02-18T00:00:00Z,0,0,21482,11,84,86,2831
2019-02-19T00:00:00Z,1,0,20716,6,45,45,1180
2019-02-20T00:00:00Z,0,0,16732,10,78,79,1963
2019-02-21T00:00:00Z,0,0,16626,8,87,89,2372
2019-02-22T00:00:00Z,0,0,17428,5,64,65,2409
2019-02-23T00:00:00Z,0,0,7664,4,38,38,868
2019-02-24T00:00:00Z,0,0,5571,2,13,14,304
2019-02-25T00:00:00Z,0,0,15566,6,68,77,2310
2019-02-26T00:00:00Z,0,0,18700,0,51,55,1465
2019-02-27T00:00:00Z,0,0,15499,4,37,41,1050
2019-02-28T00:00:00Z,0,0,16159,4,71,76,2519
2019-03-01T00:00:00Z,0,0,14050,2,37,37,1207
2019-03-02T00:00:00Z,0,0,5806,3,22,23,565
2019-03-03T00:00:00Z,0,0,4841,2,12,14,446
2019-03-04T00:00:00Z,0,0,17434,6,26,26,857
2019-03-05T00:00:00Z,0,0,14756,4,45,45,1177
2019-03-06T00:00:00Z,0,0,16205,9,73,83,1778
2019-03-07T00:00:00Z,0,0,16273,4,77,88,3973
2019-03-08T00:00:00Z,1,0,14002,5,41,47,1743
2019-03-09T00:00:00Z,0,0,6042,3,24,24,1424
2019-03-10T00:00:00Z,0,0,5298,1,5,8,212
2019-03-11T00:00:00Z,0,0,19570,2,23,26,799
2019-03-12T00:00:00Z,1,0,17767,8,46,46,1430
2019-03-13T00:00:00Z,0,0,16930,8,81,85,2829
2019-03-14T00:00:00Z,0,0,15866,3,51,52,1399
2019-03-15T00:00:00Z,0,0,14263,9,64,68,2435
2019-03-16T00:00:00Z,0,0,5842,2,26,27,911
2019-03-17T00:00:00Z,0,0,4784,2,9,9,250
2019-03-18T00:00:00Z,0,0,17709,8,38,42,1480
2019-03-19T00:00:00Z,0,0,13381,1,32,33,1090
2019-03-20T00:00:00Z,0,0,13885,8,64,65,1925
2019-03-21T00:00:00Z,0,0,14349,13,53,55,1614
2019-03-22T00:00:00Z,2,0,13383,7,54,59,1497
2019-03-23T00:00:00Z,0,0,5301,3,21,27,539
2019-03-24T00:00:00Z,0,0,7399,0,6,7,134
2019-03-25T00:00:00Z,0,0,12735,7,45,47,1638
2019-03-26T00:00:00Z,0,0,13930,6,33,33,1010
2019-03-27T00:00:00Z,0,0,13512,2,47,47,2008
2019-03-28T00:00:00Z,0,0,13644,5,39,41,989
2019-03-29T00:00:00Z,0,0,13567,6,40,45,994
2019-03-30T00:00:00Z,0,0,5359,0,15,15,401
2019-03-31T00:00:00Z,0,0,8102,3,12,12,320
2019-04-01T00:00:00Z,0,0,13921,7,49,55,1585
2019-04-02T00:00:00Z,0,0,15189,5,54,56,2086
2019-04-03T00:00:00Z,0,0,15835,8,70,76,2394
2019-04-04T00:00:00Z,0,0,15935,6,63,65,2303
2019-04-05T00:00:00Z,0,0,13950,4,36,37,1303
2019-04-06T00:00:00Z,0,0,5608,2,17,18,539
2019-04-07T00:00:00Z,0,0,4729,0,7,9,224
2019-04-08T00:00:00Z,1,0,17649,2,17,17,700
2019-04-09T00:00:00Z,0,0,14596,2,41,41,986
2019-04-10T00:00:00Z,0,0,13900,4,26,27,884
2019-04-11T00:00:00Z,0,0,15098,6,50,53,1658
2019-04-12T00:00:00Z,0,0,12925,2,25,28,736
2019-04-13T00:00:00Z,0,0,5621,0,9,10,231
2019-04-14T00:00:00Z,0,0,4940,0,18,19,478
2019-04-15T00:00:00Z,0,0,19252,7,31,33,1285
2019-04-16T00:00:00Z,0,0,16503,5,46,52,1477
2019-04-17T00:00:00Z,1,0,14882,6,36,39,1313
2019-04-18T00:00:00Z,0,0,14172,2,56,57,1926
2019-04-19T00:00:00Z,0,0,13870,2,14,14,329
2019-04-20T00:00:00Z,0,0,4373,1,8,8,161
2019-04-21T00:00:00Z,0,0,3007,0,6,6,142
2019-04-22T00:00:00Z,0,0,3289,0,2,2,28
2019-04-23T00:00:00Z,0,0,16198,0,15,17,369
2019-04-24T00:00:00Z,0,0,11904,4,14,17,424
2019-04-25T00:00:00Z,0,0,4741,4,11,11,278
2019-04-26T00:00:00Z,0,0,9640,6,23,25,851
2019-04-27T00:00:00Z,0,0,4864,2,7,7,180
2019-04-28T00:00:00Z,0,0,4148,1,17,17,450
2019-04-29T00:00:00Z,0,0,13133,2,20,23,584
2019-04-30T00:00:00Z,0,0,16575,4,22,25,684
2019-05-01T00:00:00Z,0,0,4856,1,14,14,423
2019-05-02T00:00:00Z,0,0,13022,3,49,50,1371
2019-05-03T00:00:00Z,0,0,15122,5,28,31,672
2019-05-04T00:00:00Z,0,0,5148,2,6,6,188
2019-05-05T00:00:00Z,0,0,4835,0,1,1,24
2019-05-06T00:00:00Z,0,0,13262,3,16,20,353
2019-05-07T00:00:00Z,0,0,13085,3,17,17,335
2019-05-08T00:00:00Z,1,0,12804,6,42,42,1030
2019-05-09T00:00:00Z,0,0,12863,6,22,25,581
2019-05-10T00:00:00Z,0,0,12146,9,47,48,1049
2019-05-11T00:00:00Z,0,0,5226,1,3,3,96
2019-05-12T00:00:00Z,0,0,7382,0,2,2,42
2019-05-13T00:00:00Z,0,0,13574,11,32,34,813
2019-05-14T00:00:00Z,0,0,14137,20,50,50,1135
2019-05-15T00:00:00Z,0,0,12237,3,20,20,702
2019-05-16T00:00:00Z,0,0,12850,3,29,35,825
2019-05-17T00:00:00Z,0,0,11470,4,21,23,528
2019-05-18T00:00:00Z,0,0,5143,1,11,12,388
2019-05-19T00:00:00Z,0,0,4820,1,4,6,90
2019-05-20T00:00:00Z,1,0,12652,4,26,27,983
2019-05-21T00:00:00Z,0,0,14300,6,27,27,524
2019-05-22T00:00:00Z,0,0,17814,4,20,21,481
2019-05-23T00:00:00Z,0,0,15307,4,26,26,669
2019-05-24T00:00:00Z,0,0,14543,1,32,32,873
2019-05-25T00:00:00Z,0,0,4771,0,5,5,67
2019-05-26T00:00:00Z,0,0,4507,3,7,7,173
2019-05-27T00:00:00Z,0,0,11009,2,29,32,655
2019-05-28T00:00:00Z,0,0,11116,3,23,24,655
2019-05-29T00:00:00Z,0,0,15854,6,32,32,809
2019-05-30T00:00:00Z,0,0,11318,5,22,22,617
2019-05-31T00:00:00Z,0,0,11281,3,29,31,706
2019-06-01T00:00:00Z,0,0,4458,2,8,8,204
2019-06-02T00:00:00Z,0,0,3609,1,2,2,55
2019-06-03T00:00:00Z,1,0,10351,6,22,26,646
2019-06-04T00:00:00Z,0,0,10710,7,24,26,531
2019-06-05T00:00:00Z,1,0,13945,1,22,22,569
2019-06-06T00:00:00Z,0,0,9585,1,11,11,315
2019-06-07T00:00:00Z,0,0,10312,4,24,25,598
2019-06-08T00:00:00Z,0,0,4854,1,9,10,240
2019-06-09T00:00:00Z,0,0,4456,0,0,0,0
2019-06-10T00:00:00Z,0,0,9965,1,7,7,148
2019-06-11T00:00:00Z,0,0,10382,3,16,16,582
2019-06-12T00:00:00Z,0,0,13511,2,10,19,242
2019-06-13T00:00:00Z,0,0,10271,3,23,23,515
2019-06-14T00:00:00Z,1,0,10744,3,44,44,712
2019-06-15T00:00:00Z,0,0,4696,3,13,13,240
2019-06-16T00:00:00Z,0,0,3158,3,6,9,172
2019-06-17T00:00:00Z,1,0,8898,4,12,12,353
2019-06-18T00:00:00Z,0,0,9849,4,58,59,926
2019-06-19T00:00:00Z,0,0,9050,6,37,37,866
2019-06-20T00:00:00Z,0,0,13280,2,18,18,500
2019-06-21T00:00:00Z,0,0,9667,5,30,34,702
2019-06-22T00:00:00Z,0,0,4753,1,7,7,108
2019-06-23T00:00:00Z,0,0,3749,1,4,4,72
2019-06-24T00:00:00Z,0,0,8962,4,20,20,560
2019-06-25T00:00:00Z,0,0,10297,1,17,18,354
2019-06-26T00:00:00Z,0,0,9351,3,47,50,584
2019-06-27T00:00:00Z,0,0,9693,4,27,29,567
2019-06-28T00:00:00Z,0,0,13084,3,13,13,250
2019-06-29T00:00:00Z,0,0,8094,1,15,16,407
2019-06-30T00:00:00Z,0,0,3803,0,0,0,0
2019-07-01T00:00:00Z,0,0,10141,4,30,31,758
2019-07-02T00:00:00Z,0,0,9871,6,19,19,473
2019-07-03T00:00:00Z,0,0,10225,3,1,1,9
2019-07-04T00:00:00Z,0,0,13413,5,23,26,681
2019-07-05T00:00:00Z,1,0,9101,2,17,18,369
2019-07-06T00:00:00Z,0,0,3751,1,4,4,119
2019-07-07T00:00:00Z,0,0,3445,1,2,2,60
2019-07-08T00:00:00Z,0,0,10344,1,13,13,318
2019-07-09T00:00:00Z,0,0,14442,8,24,27,591
2019-07-10T00:00:00Z,0,0,11100,3,14,14,268
2019-07-11T00:00:00Z,1,0,11119,5,23,26,468
2019-07-12T00:00:00Z,1,0,9474,4,29,31,516
2019-07-13T00:00:00Z,0,0,5027,1,6,6,89
2019-07-14T00:00:00Z,0,0,3794,1,5,5,84
2019-07-15T00:00:00Z,1,0,14481,3,10,10,185
2019-07-16T00:00:00Z,0,0,9993,0,5,6,113
2019-07-17T00:00:00Z,0,0,9055,2,9,10,205
2019-07-18T00:00:00Z,0,0,9297,2,6,6,103
2019-07-19T00:00:00Z,0,0,8072,2,3,3,55
2019-07-20T00:00:00Z,0,0,10802,0,1,1,9
2019-07-21T00:00:00Z,0,0,3555,1,1,1,16
2019-07-22T00:00:00Z,0,0,8362,1,8,8,110
2019-07-23T00:00:00Z,0,0,8858,1,4,4,50
2019-07-24T00:00:00Z,0,0,9534,2,16,16,313
2019-07-25T00:00:00Z,0,0,10386,3,24,28,538
2019-07-26T00:00:00Z,1,0,12102,3,13,13,286
2019-07-27T00:00:00Z,0,0,4050,0,2,2,36
2019-07-28T00:00:00Z,0,0,5110,0,1,1,18
2019-07-29T00:00:00Z,0,0,11273,3,14,15,228
2019-07-30T00:00:00Z,0,0,10586,2,26,26,458
2019-07-31T00:00:00Z,0,0,11261,8,37,37,836
2019-08-01T00:00:00Z,0,0,13636,3,18,20,304
2019-08-02T00:00:00Z,0,0,9031,3,26,27,871
2019-08-03T00:00:00Z,0,0,4524,0,3,3,149
2019-08-04T00:00:00Z,0,0,3451,1,3,3,62
2019-08-05T00:00:00Z,0,0,9181,4,18,18,405
2019-08-06T00:00:00Z,2,0,13926,7,9,9,212
2019-08-07T00:00:00Z,0,0,8536,4,13,13,282
2019-08-08T00:00:00Z,0,0,8674,12,28,29,379
2019-08-09T00:00:00Z,1,0,6893,3,18,18,202
2019-08-10T00:00:00Z,0,0,4185,0,3,3,44
2019-08-11T00:00:00Z,0,0,7263,2,10,13,212
2019-08-12T00:00:00Z,0,0,5946,1,27,30,382
2019-08-13T00:00:00Z,0,0,5288,2,11,13,194
2019-08-14T00:00:00Z,0,0,4047,0,4,5,76
2019-08-15T00:00:00Z,0,0,5293,0,3,3,30
2019-08-16T00:00:00Z,0,0,4679,0,1,1,7
2019-08-17T00:00:00Z,1,0,7536,2,3,12,117
2019-08-18T00:00:00Z,0,0,3054,0,4,10,128
2019-08-19T00:00:00Z,0,0,6049,2,12,12,220
2019-08-20T00:00:00Z,0,0,5856,1,14,15,242
2019-08-21T00:00:00Z,0,0,6020,1,5,6,81
2019-08-22T00:00:00Z,0,0,6356,2,6,6,99
2019-08-23T00:00:00Z,0,0,10565,2,10,10,161
2019-08-24T00:00:00Z,0,0,3929,0,0,0,0
2019-08-25T00:00:00Z,0,0,3009,1,1,1,22
2019-08-26T00:00:00Z,1,0,9361,1,34,38,363
2019-08-27T00:00:00Z,0,0,8121,43,62,62,437
2019-08-28T00:00:00Z,1,0,8522,6,22,15,192
2019-08-29T00:00:00Z,2,0,12546,5,15,15,111
2019-08-30T00:00:00Z,4,0,7161,4,17,18,165
2019-08-31T00:00:00Z,1,0,3947,2,4,4,45
2019-09-01T00:00:00Z,1,9,8512,0,2,2,16
2019-09-02T00:00:00Z,8,89,11852,4,19,19,91
2019-09-03T00:00:00Z,0,2,714,0,0,0,0
